{
    "train": -0.9119564339013632,
    "val": -0.5509970547250559
}