{
    "train": -1.8228116010714426,
    "val": -1.2613140786306258
}