{
    "train": -1.5792837755072313,
    "val": -1.2108503449642916
}