{
    "train": -1.7980670621002657,
    "val": -1.25599794100241
}