{
    "train": -1.799611268301589,
    "val": -1.2590622546228107
}